ha,USD,rate
1,12000,0
5,11000,-0.083333333
10,10000,-0.166666667
25,9250,-0.229166667
50,8250,-0.3125
100,7500,-0.375
