OBJECTID,Mangrove_area_ha
1,82.1909706362726
2,56.6937350033228
3,771.781155581932
4,25.9558763827023
5,2.68499435786442
6,3.59308008077091
